{
  "predictor_config": {
    "residual_calibrator_active_observed_blend": 0.0,
    "residual_calibrator_blend": 0.75,
    "residual_calibrator_repeated_observed_blend": 0.0,
    "residual_calibrator_single_observed_blend": 0.55
  },
  "seeds": {
    "0": {
      "argmax_count": [
        1173,
        56,
        1,
        0,
        331,
        39
      ],
      "blend_max": 0.75,
      "blend_mean": 0.46190624999999996,
      "blend_min": 0.0,
      "class_mass": [
        1024.903033242849,
        167.5633406876911,
        12.983011008974422,
        28.848129532286706,
        323.36001193725923,
        42.3424735909395
      ]
    },
    "1": {
      "argmax_count": [
        1155,
        69,
        1,
        0,
        348,
        27
      ],
      "blend_max": 0.75,
      "blend_mean": 0.33184375000000005,
      "blend_min": 0.0,
      "class_mass": [
        1026.9713463117782,
        164.04498251075688,
        17.477439799118432,
        16.51828131519064,
        344.2944960497185,
        30.693454013437233
      ]
    },
    "2": {
      "argmax_count": [
        1182,
        60,
        0,
        0,
        332,
        26
      ],
      "blend_max": 0.75,
      "blend_mean": 0.35984375,
      "blend_min": 0.0,
      "class_mass": [
        1050.4432206454564,
        159.02595832369266,
        16.253980439612597,
        16.314844460823693,
        328.2929345753163,
        29.669061555098295
      ]
    },
    "3": {
      "argmax_count": [
        1155,
        62,
        1,
        0,
        353,
        29
      ],
      "blend_max": 0.75,
      "blend_mean": 0.41168750000000004,
      "blend_min": 0.0,
      "class_mass": [
        1025.8404442626763,
        164.3127501441677,
        12.722218520153348,
        16.36079350827066,
        348.17600813530566,
        32.587785429426354
      ]
    },
    "4": {
      "argmax_count": [
        1186,
        42,
        0,
        0,
        342,
        30
      ],
      "blend_max": 0.75,
      "blend_mean": 0.28415625,
      "blend_min": 0.0,
      "class_mass": [
        1051.8764582535841,
        144.31486625111125,
        15.659030999280379,
        18.997743318371313,
        335.4681762526161,
        33.683724925036735
      ]
    }
  },
  "source_run": "artifacts/20260321_093308",
  "variant": "evidence_aware_residual_blend"
}