{
  "active_budget_ood": {
    "attenuation_factor": 1.0,
    "distance_mean": 0.5742907215115686,
    "enabled": true,
    "full": 2.0,
    "ood_score": 0.0,
    "signal_deviations": {
      "forest_share_dynamic": {
        "count": 19,
        "distance": 0.27413649559421593,
        "mean": 0.523941831340738,
        "p10": 0.3682662061529679,
        "p90": 0.7758595591534204,
        "std": 0.15884976606363474,
        "value": 0.8194060773480663
      },
      "port_share_given_active": {
        "count": 19,
        "distance": 1.122159003132752,
        "mean": 0.08199445954881307,
        "p10": 0.06244153237852277,
        "p90": 0.12047484074247183,
        "std": 0.023817700156236427,
        "value": 0.03571428571428571
      },
      "settlement_rate": {
        "count": 19,
        "distance": 0.3265766658077378,
        "mean": 0.1854699450264353,
        "p10": 0.08256314254409629,
        "p90": 0.2621777690062158,
        "std": 0.10847405560477064,
        "value": 0.04713804713804714
      }
    },
    "signal_values": {
      "forest_share_dynamic": 0.8194060773480663,
      "observed_cells": 6594.0,
      "port_share_given_active": 0.03571428571428571,
      "repeat_fraction": 0.41992720655141036,
      "settlement_rate": 0.04713804713804714
    },
    "strength": 0.6,
    "trigger": 0.75
  },
  "active_mass_experiment": "none",
  "collapsed_active_ood": {
    "attenuation_factor": 1.0,
    "distance_mean": 0.5742907215115686,
    "enabled": true,
    "full": 2.0,
    "ood_score": 0.0,
    "signal_deviations": {
      "forest_share_dynamic": {
        "count": 19,
        "distance": 0.27413649559421593,
        "mean": 0.523941831340738,
        "p10": 0.3682662061529679,
        "p90": 0.7758595591534204,
        "std": 0.15884976606363474,
        "value": 0.8194060773480663
      },
      "port_share_given_active": {
        "count": 19,
        "distance": 1.122159003132752,
        "mean": 0.08199445954881307,
        "p10": 0.06244153237852277,
        "p90": 0.12047484074247183,
        "std": 0.023817700156236427,
        "value": 0.03571428571428571
      },
      "settlement_rate": {
        "count": 19,
        "distance": 0.3265766658077378,
        "mean": 0.1854699450264353,
        "p10": 0.08256314254409629,
        "p90": 0.2621777690062158,
        "std": 0.10847405560477064,
        "value": 0.04713804713804714
      }
    },
    "signal_values": {
      "forest_share_dynamic": 0.8194060773480663,
      "observed_cells": 6594.0,
      "port_share_given_active": 0.03571428571428571,
      "repeat_fraction": 0.41992720655141036,
      "settlement_rate": 0.04713804713804714
    },
    "strength": 0.6,
    "trigger": 0.75
  },
  "learned_prior_ood": {
    "attenuation_factor": 1.0,
    "base_blend": 0.25,
    "distance_mean": 0.0,
    "effective_blend": 0.25,
    "enabled": false,
    "full": 2.0,
    "ood_score": 0.0,
    "reason": "config_disabled",
    "signal_deviations": {},
    "signal_values": {
      "forest_share_dynamic": 0.8194060773480663,
      "observed_cells": 6594.0,
      "port_share_given_active": 0.03571428571428571,
      "repeat_fraction": 0.41992720655141036,
      "settlement_rate": 0.04713804713804714
    },
    "strength": 0.75,
    "trigger": 0.75
  },
  "mass_matching": {
    "blended_targets": {
      "active_rate": 0.043799472295514515,
      "empty_share_given_nonactive": 0.7224061810154525,
      "forest_share_given_nonactive": 0.27759381898454744,
      "settlement_share_given_active": 0.8692985325623719
    },
    "enabled": true,
    "observed_rates": {
      "active_rate": 0.043799472295514515,
      "empty_share_given_nonactive": 0.7224061810154525,
      "forest_share_given_nonactive": 0.27759381898454744,
      "settlement_share_given_active": 0.8674698795180723
    },
    "passes": {
      "active_applied": true,
      "nonactive_applied": false,
      "nonactive_enabled": false,
      "settlement_applied": true
    },
    "predicted_observed_rates": {
      "active_rate": 0.07023846973572033,
      "empty_share_given_nonactive": 0.6897749230834452,
      "forest_share_given_nonactive": 0.3102250769165547,
      "settlement_share_given_active": 0.8444783228642989
    },
    "round_anchor": {
      "active_rate": 0.05626681011296396,
      "active_support": 506.0,
      "buildable_support": 5979.0,
      "empty_share_given_nonactive": 0.7294801641586868,
      "forest_share_given_nonactive": 0.2705198358413133,
      "nonactive_support": 5807.0,
      "settlement_share_given_active": 0.8776290630975143
    },
    "scales": {
      "active": 0.925,
      "empty": 1.0,
      "forest": 1.0,
      "settlement": 1.014695587219982
    },
    "strength": 0.5,
    "supports": {
      "active": 82.0,
      "active_weight": 0.82,
      "buildable": 1206.0,
      "buildable_weight": 1.0,
      "nonactive": 1173.0,
      "nonactive_weight": 1.0
    }
  },
  "observation_model": {
    "active_dominance_support_mean": 0.7751266476030115,
    "active_dominance_support_p95": 1.0,
    "active_mass_blend": 0.24,
    "active_type_blend": 0.18,
    "bucket_blend": 0.28,
    "correction_support_mean": 0.4123528926687828,
    "correction_support_p95": 0.5918958681475495,
    "nonactive_blend": 0.62,
    "quiet_budget_gate_mean": 0.4655369451853897,
    "quiet_budget_gate_p95": 0.6474780746486924
  },
  "observation_summary": {
    "covered_fraction": 0.85,
    "per_class_observed_mass": {
      "empty": 1465.0,
      "forest": 503.0,
      "mountain": 55.0,
      "port": 2.0,
      "ruin": 9.0,
      "settlement": 72.0
    },
    "repeat_cells": 652,
    "total_observations": 2106.0
  },
  "prior_blend_gate": {
    "alpha_max": 1.0,
    "alpha_mean": 0.8663157345333699,
    "alpha_min": 0.6481357956084345,
    "quiet_active_guard_max": 1.0,
    "quiet_active_guard_mean": 1.0,
    "strength": 0.5
  },
  "rare_class": {
    "port_blend": 0.3,
    "port_gate": 0.0,
    "port_rate": 0.014294665941246797,
    "port_support_summary": {
      "count": 307.0,
      "max": 0.8068726107172921,
      "mean": 0.387263264503027,
      "p95": 0.6657754842284789
    },
    "ruin_blend": 0.8,
    "ruin_support_summary": {
      "count": 1325.0,
      "max": 0.9196098699350435,
      "mean": 0.43920712605456913,
      "p95": 0.8059524382225415
    }
  },
  "residual_calibrator": {
    "base_blend_mean": 0.08233750000000001,
    "blend_max": 1.0,
    "blend_mean": 0.7107129191016973,
    "blend_min": 0.0,
    "effective_blend_mean": 0.08233750000000001,
    "mean_pred_active": 0.06271970029686882,
    "mean_pred_forest_share_non_active": 0.22045820519743864,
    "mean_pred_port_share_active": 0.07618468283506434,
    "mean_pred_ruin_share_active": 0.11617607202361213,
    "mean_pred_settlement_share_active": 0.8076392451413236,
    "ood_attenuation_factor": 1.0,
    "ood_enabled": false,
    "ood_score": 0.0,
    "used_trust_gate": true
  },
  "residual_ood": {
    "attenuation_factor": 1.0,
    "base_blend_mean": 0.08233750000000001,
    "distance_mean": 0.0,
    "effective_blend_mean": 0.08233750000000001,
    "enabled": false,
    "full": 2.0,
    "ood_score": 0.0,
    "reason": "config_disabled",
    "signal_deviations": {},
    "signal_values": {
      "forest_share_dynamic": 0.8194060773480663,
      "observed_cells": 6594.0,
      "port_share_given_active": 0.03571428571428571,
      "repeat_fraction": 0.41992720655141036,
      "settlement_rate": 0.04713804713804714
    },
    "strength": 0.6,
    "trigger": 0.75
  },
  "round_regime": {
    "forest_signal": 0.0,
    "high_activity_factor": 0.0,
    "low_activity_factor": 1.0,
    "repeat_fraction": 0.41992720655141036,
    "repeat_signal": 1.0,
    "settlement_signal": 0.0
  },
  "seed_index": 3,
  "stage_summaries": {
    "base_prediction": {
      "argmax_count": {
        "empty": 1236,
        "forest": 336,
        "mountain": 28,
        "port": 0,
        "ruin": 0,
        "settlement": 0
      },