{
  "observation_model": {
    "active_dominance_support_mean": 0.9783011567633614,
    "active_dominance_support_p95": 1.0,
    "active_mass_blend": 0.940181470001425,
    "active_type_blend": 0.7914260723956107,
    "bucket_blend": 0.6941918554938007,
    "correction_support_mean": 0.4063870587479494,
    "correction_support_p95": 0.5838953191212772,
    "nonactive_blend": 0.7975107952116289
  },
  "observation_summary": {
    "covered_fraction": 0.84125,
    "per_class_observed_mass": {
      "empty": 1090.0,
      "forest": 378.0,
      "mountain": 62.0,
      "port": 31.0,
      "ruin": 60.0,
      "settlement": 422.0
    },
    "repeat_cells": 582,
    "total_observations": 2043.0
  },
  "prior_blend_gate": {
    "alpha_max": 0.9996742358528702,
    "alpha_mean": 0.99457317906246,
    "alpha_min": 0.991181504318372,
    "strength": 0.013828915490950555
  },
  "rare_class": {
    "port_blend": 0.7,
    "port_gate": 1.0,
    "port_rate": 0.08080502128472673,
    "port_support_summary": {
      "count": 270.0,
      "max": 0.7682018751773024,
      "mean": 0.42227643591975184,
      "p95": 0.6667275944211446
    },
    "ruin_blend": 0.8,
    "ruin_support_summary": {
      "count": 1341.0,
      "max": 0.964598499119166,
      "mean": 0.481571308269477,
      "p95": 0.8477833927442554
    }
  },
  "residual_calibrator": {
    "blend_max": 0.9896283133817871,
    "blend_mean": 0.9872272679296707,
    "blend_min": 0.9861710845090494,
    "mean_pred_active": 0.26593722526533736,
    "mean_pred_forest_share_non_active": 0.22602526202839116,
    "mean_pred_port_share_active": 0.07240383177380132,
    "mean_pred_ruin_share_active": 0.07780338023084349,
    "mean_pred_settlement_share_active": 0.8497927879953552
  },
  "round_regime": {
    "forest_signal": 0.9604888128829985,
    "high_activity_factor": 0.9861710845090494,
    "low_activity_factor": 0.013828915490950555,
    "repeat_fraction": 0.4524268723882996,
    "repeat_signal": 1.0,
    "settlement_signal": 1.0
  },
  "seed_index": 2,
  "stage_summaries": {
    "base_prediction": {
      "argmax_count": {
        "empty": 1242,
        "forest": 321,
        "mountain": 37,
        "port": 0,
        "ruin": 0,
        "settlement": 0
      },
      "class_mass": {
        "empty": 950.3159116887507,
        "forest": 275.5436177375671,
        "mountain": 36.55241396217467,
        "port": 25.93311162969894,
        "ruin": 40.70560998703474,
        "settlement": 270.94933499477395
      },
      "max_entropy": 1.4200324155646618,
      "mean_entropy": 0.8912910914143108,
      "min_probability": 0.002359970661767335
    },
    "final_prediction": {
      "argmax_count": {
        "empty": 1101,
        "forest": 307,
        "mountain": 37,
        "port": 0,
        "ruin": 0,
        "settlement": 155
      },
      "class_mass": {
        "empty": 885.5616537960859,
        "forest": 248.63065727408718,
        "mountain": 40.45549800206883,
        "port": 29.734398489900883,
        "ruin": 34.52964655030609,
        "settlement": 361.08814588755115
      },
      "max_entropy": 1.458388307283915,
      "mean_entropy": 0.8210031049620474,
      "min_probability": 0.0024996142570590956
    },
    "learned_prior": {
      "argmax_count": {
        "empty": 1242,
        "forest": 321,
        "mountain": 37,
        "port": 0,
        "ruin": 0,
        "settlement": 0
      },
      "class_mass": {
        "empty": 908.298481502803,
        "forest": 303.947667247961,
        "mountain": 40.44504700162338,
        "port": 24.15945730748934,
        "ruin": 29.553700869970257,
        "settlement": 293.595646070153
      },
      "max_entropy": 1.3155393049684794,
      "mean_entropy": 1.0001128756068884,
      "min_probability": 0.0024996142570590956
    },
    "observation_target": {
      "argmax_count": {
        "empty": 1228,
        "forest": 308,
        "mountain": 37,
        "port": 0,
        "ruin": 0,
        "settlement": 27
      },
      "class_mass": {
        "empty": 885.361789985417,
        "forest": 277.70990497308856,
        "mountain": 40.26474184517636,
        "port": 25.639767047108556,
        "ruin": 38.75114621217485,
        "settlement": 332.27264993703477
      },
      "max_entropy": 1.4842451162018024,
      "mean_entropy": 0.9892590259389332,
      "min_probability": 0.0024999256165793983
    },
    "post_active_concentration": {
      "argmax_count": {
        "empty": 1199,
        "forest": 320,
        "mountain": 37,
        "port": 0,
        "ruin": 0,
        "settlement": 44
      },
      "class_mass": {
        "empty": 886.9149474262224,
        "forest": 249.6498806589944,
        "mountain": 40.401239907917514,
        "port": 29.880355994199075,
        "ruin": 34.566262452190486,
        "settlement": 358.5873135604762
      },
      "max_entropy": 1.458479052049828,
      "mean_entropy": 0.8329967408099125,
      "min_probability": 0.002499199987380396
    },
    "post_confidence": {
      "argmax_count": {
        "empty": 1143,
        "forest": 321,
        "mountain": 37,
        "port": 0,
        "ruin": 0,
        "settlement": 99
      },
      "class_mass": {
        "empty": 843.4272801062962,
        "forest": 282.1356508971911,
        "mountain": 40.62206385424135,
        "port": 31.00914299845137,
        "ruin": 41.35321369831016,
        "settlement": 361.4526484455099
      },
      "max_entropy": 1.39790710531642,
      "mean_entropy": 0.8391593722963515,
      "min_probability": 0.0024996142570590956
    },
    "post_physical": {
      "argmax_count": {
        "empty": 1164,
        "forest": 321,
        "mountain": 37,
        "port": 0,
        "ruin": 0,
        "settlement": 78
      },
      "class_mass": {
        "empty": 846.6276478172642,
        "forest": 288.5752737631034,
        "mountain": 40.51901829221186,
        "port": 30.483628216855113,
        "ruin": 41.026060876160926,
        "settlement": 352.7683710344047
      },
      "max_entropy": 1.3985003161377947,
      "mean_entropy": 0.8488598710344455,
      "min_probability": 0.0024691358024691358
    },
    "post_prior_gate": {
      "argmax_count": {
        "empty": 1192,
        "forest": 319,
        "mountain": 37,
        "port": 0,
        "ruin": 0,
        "settlement": 52
      },
      "class_mass": {
        "empty": 882.9143879972823,
        "forest": 250.19837564951223,
        "mountain": 40.31797293562512,
        "port": 30.412129761594052,
        "ruin": 34.72521734534987,
        "settlement": 361.43191631063644
      },
      "max_entropy": 1.460912088102631,
      "mean_entropy": 0.84412903514313,
      "min_probability": 0.002499999998436136
    },
    "post_rare": {
      "argmax_count": {
        "empty": 1164,
        "forest": 321,
        "mountain": 37,
        "port": 0,
        "ruin": 0,
        "settlement": 78
      },
      "class_mass": {
        "empty": 827.2670201196727,
        "forest": 296.23078210100266,
        "mountain": 36.90935301075491,
        "port": 30.51510071179775,
        "ruin": 40.91797916860263,
        "settlement": 368.1597648881693
      },
      "max_entropy": 1.4030159526688892,
      "mean_entropy": 0.9179355626228236,
      "min_probability": 0.0024996700271050594
    },
    "post_settlement": {
      "argmax_count": {
        "empty": 1242,
        "forest": 321,
        "mountain": 37,
        "port": 0,
        "ruin": 0,
        "settlement": 0
      },
      "class_mass": {
        "empty": 950.3159116887507,
        "forest": 275.5436177375671,
        "mountain": 36.55241396217467,
        "port": 25.93311162969894,
        "ruin": 40.70560998703474,
        "settlement": 270.94933499477395
      },
      "max_entropy": 1.4200324155646618,
      "mean_entropy": 0.8912910914143108,
      "min_probability": 0.002359970661767335
    },
    "post_structural": {
      "argmax_count": {
        "empty": 1164,
        "forest": 321,
        "mountain": 37,
        "port": 0,