{
  "active_budget_ood": {
    "attenuation_factor": 1.0,
    "distance_mean": 0.5742907215115686,
    "enabled": true,
    "full": 2.0,
    "ood_score": 0.0,
    "signal_deviations": {
      "forest_share_dynamic": {
        "count": 19,
        "distance": 0.27413649559421593,
        "mean": 0.523941831340738,
        "p10": 0.3682662061529679,
        "p90": 0.7758595591534204,
        "std": 0.15884976606363474,
        "value": 0.8194060773480663
      },
      "port_share_given_active": {
        "count": 19,
        "distance": 1.122159003132752,
        "mean": 0.08199445954881307,
        "p10": 0.06244153237852277,
        "p90": 0.12047484074247183,
        "std": 0.023817700156236427,
        "value": 0.03571428571428571
      },
      "settlement_rate": {
        "count": 19,
        "distance": 0.3265766658077378,
        "mean": 0.1854699450264353,
        "p10": 0.08256314254409629,
        "p90": 0.2621777690062158,
        "std": 0.10847405560477064,
        "value": 0.04713804713804714
      }
    },
    "signal_values": {
      "forest_share_dynamic": 0.8194060773480663,
      "observed_cells": 6594.0,
      "port_share_given_active": 0.03571428571428571,
      "repeat_fraction": 0.41992720655141036,
      "settlement_rate": 0.04713804713804714
    },
    "strength": 0.6,
    "trigger": 0.75
  },
  "active_mass_experiment": "none",
  "collapsed_active_ood": {
    "attenuation_factor": 1.0,
    "distance_mean": 0.5742907215115686,
    "enabled": true,
    "full": 2.0,
    "ood_score": 0.0,
    "signal_deviations": {
      "forest_share_dynamic": {
        "count": 19,
        "distance": 0.27413649559421593,
        "mean": 0.523941831340738,
        "p10": 0.3682662061529679,
        "p90": 0.7758595591534204,
        "std": 0.15884976606363474,
        "value": 0.8194060773480663
      },
      "port_share_given_active": {
        "count": 19,
        "distance": 1.122159003132752,
        "mean": 0.08199445954881307,
        "p10": 0.06244153237852277,
        "p90": 0.12047484074247183,
        "std": 0.023817700156236427,
        "value": 0.03571428571428571
      },
      "settlement_rate": {
        "count": 19,
        "distance": 0.3265766658077378,
        "mean": 0.1854699450264353,
        "p10": 0.08256314254409629,
        "p90": 0.2621777690062158,
        "std": 0.10847405560477064,
        "value": 0.04713804713804714
      }
    },
    "signal_values": {
      "forest_share_dynamic": 0.8194060773480663,
      "observed_cells": 6594.0,
      "port_share_given_active": 0.03571428571428571,
      "repeat_fraction": 0.41992720655141036,
      "settlement_rate": 0.04713804713804714
    },
    "strength": 0.6,
    "trigger": 0.75
  },
  "learned_prior_ood": {
    "attenuation_factor": 1.0,
    "base_blend": 0.25,
    "distance_mean": 0.0,
    "effective_blend": 0.25,
    "enabled": false,
    "full": 2.0,
    "ood_score": 0.0,
    "reason": "config_disabled",
    "signal_deviations": {},
    "signal_values": {
      "forest_share_dynamic": 0.8194060773480663,
      "observed_cells": 6594.0,
      "port_share_given_active": 0.03571428571428571,
      "repeat_fraction": 0.41992720655141036,
      "settlement_rate": 0.04713804713804714
    },
    "strength": 0.75,
    "trigger": 0.75
  },
  "mass_matching": {
    "blended_targets": {
      "active_rate": 0.051666666666666666,
      "empty_share_given_nonactive": 0.7211482132396017,
      "forest_share_given_nonactive": 0.27885178676039835,
      "settlement_share_given_active": 0.9204919920228624
    },
    "enabled": true,
    "observed_rates": {
      "active_rate": 0.051666666666666666,
      "empty_share_given_nonactive": 0.7211482132396017,
      "forest_share_given_nonactive": 0.27885178676039835,
      "settlement_share_given_active": 0.9247311827956989
    },
    "passes": {
      "active_applied": true,
      "nonactive_applied": false,
      "nonactive_enabled": false,
      "settlement_applied": true
    },
    "predicted_observed_rates": {
      "active_rate": 0.07582536596853537,
      "empty_share_given_nonactive": 0.6916912930217317,
      "forest_share_given_nonactive": 0.30830870697826823,
      "settlement_share_given_active": 0.8571783060244256
    },
    "round_anchor": {
      "active_rate": 0.05626681011296396,
      "active_support": 506.0,
      "buildable_support": 5979.0,
      "empty_share_given_nonactive": 0.7294801641586868,
      "forest_share_given_nonactive": 0.2705198358413133,
      "nonactive_support": 5807.0,
      "settlement_share_given_active": 0.8776290630975143
    },
    "scales": {
      "active": 0.925,
      "empty": 1.0,
      "forest": 1.0,
      "settlement": 1.0369314561238048
    },
    "strength": 0.5,
    "supports": {
      "active": 91.0,
      "active_weight": 0.91,
      "buildable": 1171.0,
      "buildable_weight": 1.0,
      "nonactive": 1144.0,
      "nonactive_weight": 1.0
    }
  },
  "observation_model": {
    "active_dominance_support_mean": 0.7008243518903555,
    "active_dominance_support_p95": 1.0,
    "active_mass_blend": 0.24,
    "active_type_blend": 0.18,
    "bucket_blend": 0.28,
    "correction_support_mean": 0.38989574070108574,
    "correction_support_p95": 0.6200505765560042,
    "nonactive_blend": 0.62,
    "quiet_budget_gate_mean": 0.45775087888837973,
    "quiet_budget_gate_p95": 0.6343068273874838
  },
  "observation_summary": {
    "covered_fraction": 0.81875,
    "per_class_observed_mass": {
      "empty": 1377.0,
      "forest": 476.0,
      "mountain": 16.0,
      "port": 1.0,
      "ruin": 6.0,
      "settlement": 86.0
    },
    "repeat_cells": 463,
    "total_observations": 1962.0
  },
  "prior_blend_gate": {
    "alpha_max": 1.0,
    "alpha_mean": 0.8746734758951493,
    "alpha_min": 0.649948682846397,
    "quiet_active_guard_max": 1.0,
    "quiet_active_guard_mean": 1.0,
    "strength": 0.5
  },
  "rare_class": {
    "port_blend": 0.3,
    "port_gate": 0.0,
    "port_rate": 0.012075745930508818,
    "port_support_summary": {
      "count": 293.0,
      "max": 0.8604090309029857,
      "mean": 0.3231871532330016,
      "p95": 0.6755449941394501
    },
    "ruin_blend": 0.8,
    "ruin_support_summary": {
      "count": 1328.0,
      "max": 0.9282182177319467,
      "mean": 0.4177876280858918,
      "p95": 0.8509776795934086
    }
  },
  "residual_calibrator": {
    "base_blend_mean": 0.09538125000000001,
    "blend_max": 1.0,
    "blend_mean": 0.7289909900917305,
    "blend_min": 0.0,
    "effective_blend_mean": 0.09538125000000001,
    "mean_pred_active": 0.05766475432199554,
    "mean_pred_forest_share_non_active": 0.2197325877333025,
    "mean_pred_port_share_active": 0.06800363515688544,
    "mean_pred_ruin_share_active": 0.11659617284553697,
    "mean_pred_settlement_share_active": 0.8154001919975776,
    "ood_attenuation_factor": 1.0,
    "ood_enabled": false,
    "ood_score": 0.0,
    "used_trust_gate": true
  },
  "residual_ood": {
    "attenuation_factor": 1.0,
    "base_blend_mean": 0.09538125000000001,
    "distance_mean": 0.0,
    "effective_blend_mean": 0.09538125000000001,
    "enabled": false,
    "full": 2.0,
    "ood_score": 0.0,
    "reason": "config_disabled",
    "signal_deviations": {},
    "signal_values": {
      "forest_share_dynamic": 0.8194060773480663,
      "observed_cells": 6594.0,
      "port_share_given_active": 0.03571428571428571,
      "repeat_fraction": 0.41992720655141036,
      "settlement_rate": 0.04713804713804714
    },
    "strength": 0.6,
    "trigger": 0.75
  },
  "round_regime": {
    "forest_signal": 0.0,
    "high_activity_factor": 0.0,
    "low_activity_factor": 1.0,
    "repeat_fraction": 0.41992720655141036,
    "repeat_signal": 1.0,
    "settlement_signal": 0.0
  },
  "seed_index": 0,
  "stage_summaries": {
    "base_prediction": {
      "argmax_count": {
        "empty": 1248,
        "forest": 337,
        "mountain": 15,
        "port": 0,
        "ruin": 0,
        "settlement": 0
      },