{
  "active_budget_ood": {
    "attenuation_factor": 1.0,
    "distance_mean": 0.5742907215115686,
    "enabled": true,
    "full": 2.0,
    "ood_score": 0.0,
    "signal_deviations": {
      "forest_share_dynamic": {
        "count": 19,
        "distance": 0.27413649559421593,
        "mean": 0.523941831340738,
        "p10": 0.3682662061529679,
        "p90": 0.7758595591534204,
        "std": 0.15884976606363474,
        "value": 0.8194060773480663
      },
      "port_share_given_active": {
        "count": 19,
        "distance": 1.122159003132752,
        "mean": 0.08199445954881307,
        "p10": 0.06244153237852277,
        "p90": 0.12047484074247183,
        "std": 0.023817700156236427,
        "value": 0.03571428571428571
      },
      "settlement_rate": {
        "count": 19,
        "distance": 0.3265766658077378,
        "mean": 0.1854699450264353,
        "p10": 0.08256314254409629,
        "p90": 0.2621777690062158,
        "std": 0.10847405560477064,
        "value": 0.04713804713804714
      }
    },
    "signal_values": {
      "forest_share_dynamic": 0.8194060773480663,
      "observed_cells": 6594.0,
      "port_share_given_active": 0.03571428571428571,
      "repeat_fraction": 0.41992720655141036,
      "settlement_rate": 0.04713804713804714
    },
    "strength": 0.6,
    "trigger": 0.75
  },
  "active_mass_experiment": "none",
  "collapsed_active_ood": {
    "attenuation_factor": 1.0,
    "distance_mean": 0.5742907215115686,
    "enabled": true,
    "full": 2.0,
    "ood_score": 0.0,
    "signal_deviations": {
      "forest_share_dynamic": {
        "count": 19,
        "distance": 0.27413649559421593,
        "mean": 0.523941831340738,
        "p10": 0.3682662061529679,
        "p90": 0.7758595591534204,
        "std": 0.15884976606363474,
        "value": 0.8194060773480663
      },
      "port_share_given_active": {
        "count": 19,
        "distance": 1.122159003132752,
        "mean": 0.08199445954881307,
        "p10": 0.06244153237852277,
        "p90": 0.12047484074247183,
        "std": 0.023817700156236427,
        "value": 0.03571428571428571
      },
      "settlement_rate": {
        "count": 19,
        "distance": 0.3265766658077378,
        "mean": 0.1854699450264353,
        "p10": 0.08256314254409629,
        "p90": 0.2621777690062158,
        "std": 0.10847405560477064,
        "value": 0.04713804713804714
      }
    },
    "signal_values": {
      "forest_share_dynamic": 0.8194060773480663,
      "observed_cells": 6594.0,
      "port_share_given_active": 0.03571428571428571,
      "repeat_fraction": 0.41992720655141036,
      "settlement_rate": 0.04713804713804714
    },
    "strength": 0.6,
    "trigger": 0.75
  },
  "learned_prior_ood": {
    "attenuation_factor": 1.0,
    "base_blend": 0.25,
    "distance_mean": 0.0,
    "effective_blend": 0.25,
    "enabled": false,
    "full": 2.0,
    "ood_score": 0.0,
    "reason": "config_disabled",
    "signal_deviations": {},
    "signal_values": {
      "forest_share_dynamic": 0.8194060773480663,
      "observed_cells": 6594.0,
      "port_share_given_active": 0.03571428571428571,
      "repeat_fraction": 0.41992720655141036,
      "settlement_rate": 0.04713804713804714
    },
    "strength": 0.75,
    "trigger": 0.75
  },
  "mass_matching": {
    "blended_targets": {
      "active_rate": 0.05076452599388379,
      "empty_share_given_nonactive": 0.7287371134020619,
      "forest_share_given_nonactive": 0.2712628865979381,
      "settlement_share_given_active": 0.8401230159644313
    },
    "enabled": true,
    "observed_rates": {
      "active_rate": 0.05076452599388379,
      "empty_share_given_nonactive": 0.7287371134020618,
      "forest_share_given_nonactive": 0.2712628865979381,
      "settlement_share_given_active": 0.8313253012048193
    },
    "passes": {
      "active_applied": true,
      "nonactive_applied": false,
      "nonactive_enabled": false,
      "settlement_applied": true
    },
    "predicted_observed_rates": {
      "active_rate": 0.07228605640501906,
      "empty_share_given_nonactive": 0.68846100155293,
      "forest_share_given_nonactive": 0.31153899844707,
      "settlement_share_given_active": 0.8499035440650671
    },
    "round_anchor": {
      "active_rate": 0.05626681011296396,
      "active_support": 506.0,
      "buildable_support": 5979.0,
      "empty_share_given_nonactive": 0.7294801641586868,
      "forest_share_given_nonactive": 0.2705198358413133,
      "nonactive_support": 5807.0,
      "settlement_share_given_active": 0.8776290630975143
    },
    "scales": {
      "active": 0.925,
      "empty": 1.0,
      "forest": 1.0,
      "settlement": 0.9942460952369632
    },
    "strength": 0.5,
    "supports": {
      "active": 81.0,
      "active_weight": 0.81,
      "buildable": 1172.0,
      "buildable_weight": 1.0,
      "nonactive": 1135.0,
      "nonactive_weight": 1.0
    }
  },
  "observation_model": {
    "active_dominance_support_mean": 0.7534246599913794,
    "active_dominance_support_p95": 1.0,
    "active_mass_blend": 0.24,
    "active_type_blend": 0.18,
    "bucket_blend": 0.28,
    "correction_support_mean": 0.3667945397877489,
    "correction_support_p95": 0.5540378315944889,
    "nonactive_blend": 0.62,
    "quiet_budget_gate_mean": 0.436175497250689,
    "quiet_budget_gate_p95": 0.6242730418560525
  },
  "observation_summary": {
    "covered_fraction": 0.791875,
    "per_class_observed_mass": {
      "empty": 1220.0,
      "forest": 421.0,
      "mountain": 13.0,
      "port": 2.0,
      "ruin": 12.0,
      "settlement": 69.0
    },
    "repeat_cells": 420,
    "total_observations": 1737.0
  },
  "prior_blend_gate": {
    "alpha_max": 1.0,
    "alpha_mean": 0.8639689471404438,
    "alpha_min": 0.6399807366116113,
    "quiet_active_guard_max": 1.0,
    "quiet_active_guard_mean": 1.0,
    "strength": 0.5
  },
  "rare_class": {
    "port_blend": 0.3229837284866452,
    "port_gate": 0.05745932121661301,
    "port_rate": 0.01672377963649839,
    "port_support_summary": {
      "count": 240.0,
      "max": 0.787312176305585,
      "mean": 0.35081673507219785,
      "p95": 0.664337934269636
    },
    "ruin_blend": 0.8,
    "ruin_support_summary": {
      "count": 1359.0,
      "max": 0.9320336125606367,
      "mean": 0.41233780929046526,
      "p95": 0.8290512541386227
    }
  },
  "residual_calibrator": {
    "base_blend_mean": 0.09948125000000001,
    "blend_max": 1.0,
    "blend_mean": 0.7539428367196931,
    "blend_min": 0.0,
    "effective_blend_mean": 0.09948125000000001,
    "mean_pred_active": 0.06657991693407092,
    "mean_pred_forest_share_non_active": 0.22608068746646431,
    "mean_pred_port_share_active": 0.06188744510882981,
    "mean_pred_ruin_share_active": 0.11419580742697928,
    "mean_pred_settlement_share_active": 0.8239167474641909,
    "ood_attenuation_factor": 1.0,
    "ood_enabled": false,
    "ood_score": 0.0,
    "used_trust_gate": true
  },
  "residual_ood": {
    "attenuation_factor": 1.0,
    "base_blend_mean": 0.09948125000000001,
    "distance_mean": 0.0,
    "effective_blend_mean": 0.09948125000000001,
    "enabled": false,
    "full": 2.0,
    "ood_score": 0.0,
    "reason": "config_disabled",
    "signal_deviations": {},
    "signal_values": {
      "forest_share_dynamic": 0.8194060773480663,
      "observed_cells": 6594.0,
      "port_share_given_active": 0.03571428571428571,
      "repeat_fraction": 0.41992720655141036,
      "settlement_rate": 0.04713804713804714
    },
    "strength": 0.6,
    "trigger": 0.75
  },
  "round_regime": {
    "forest_signal": 0.0,
    "high_activity_factor": 0.0,
    "low_activity_factor": 1.0,
    "repeat_fraction": 0.41992720655141036,
    "repeat_signal": 1.0,
    "settlement_signal": 0.0
  },
  "seed_index": 1,
  "stage_summaries": {
    "base_prediction": {
      "argmax_count": {
        "empty": 1233,
        "forest": 352,
        "mountain": 15,
        "port": 0,
        "ruin": 0,
        "settlement": 0
      },