{
  "video": "videos/round1/seed3/Screen Recording 2026-03-20 at 11.29.45.mov",
  "round_id": 1,
  "seed_id": 3,
  "raw_frames_decoded": 156,
  "frames_decoded": 50,
  "grid_h": 40,
  "grid_w": 40,
  "interval_ms": 200,
  "trim_leading_static": true,
  "min_change_frac": 0.002,
  "target_steps": 50,
  "roi": {
    "x": 65,
    "y": 358,
    "w": 866,
    "h": 866
  },
  "subcell_offset": {
    "x": 0.15,
    "y": 0.0
  },
  "color_matrix": [
    [
      1.075994219694184,
      0.08201359994616571,
      -0.08991056942595263
    ],
    [
      -0.022738429747590577,
      0.8761404942950268,
      0.037508989551553504
    ],
    [
      -0.01971554921566712,
      0.044623202226391,
      1.17930563055965
    ]
  ],
  "color_bias": [
    3.419169999998501,
    9.418471195951984,
    -0.15379571030783143
  ],
  "palette_mode": "exact",
  "canonicalize_empty_plains": true,
  "temporal_window": 3,
  "suppress_flicker": true,
  "palette_classes": [
    0,
    1,
    2,
    3,
    4,
    5,
    10,
    11
  ],
  "palette_json": "testing/palette_template.json",
  "mean_confidence": 0.700631320476532
}