{
  "video": "videos/round1/seed1/Screen Recording 2026-03-20 at 10.22.05.mov",
  "round_id": 1,
  "seed_id": 1,
  "raw_frames_decoded": 82,
  "frames_decoded": 50,
  "grid_h": 40,
  "grid_w": 40,
  "interval_ms": 200,
  "trim_leading_static": true,
  "min_change_frac": 0.002,
  "target_steps": 50,
  "roi": {
    "x": 45,
    "y": 338,
    "w": 866,
    "h": 866
  },
  "subcell_offset": {
    "x": -0.15,
    "y": 0.0
  },
  "color_matrix": [
    [
      1.073919981323959,
      0.09235875882926109,
      -0.07660691570182306
    ],
    [
      -0.023753065472428822,
      0.8613378191983686,
      0.027665658415542603
    ],
    [
      -0.019198833919891776,
      0.042006199734771196,
      1.1682544737338036
    ]
  ],
  "color_bias": [
    3.8583652734771765,
    10.356087516069012,
    0.3982219398216798
  ],
  "palette_mode": "exact",
  "canonicalize_empty_plains": true,
  "temporal_window": 3,
  "suppress_flicker": true,
  "palette_classes": [
    0,
    1,
    2,
    3,
    4,
    5,
    10,
    11
  ],
  "palette_json": "testing/palette_template.json",
  "mean_confidence": 0.6859312653541565
}