{
  "observation_model": {
    "active_dominance_support_mean": 0.9338368587031964,
    "active_dominance_support_p95": 1.0,
    "active_mass_blend": 0.6432999088503715,
    "active_type_blend": 0.5321773851932822,
    "bucket_blend": 0.518571777066417,
    "correction_support_mean": 0.4072746219327375,
    "correction_support_p95": 0.5569325899472994,
    "nonactive_blend": 0.7222450473141787
  },
  "observation_summary": {
    "covered_fraction": 0.88625,
    "per_class_observed_mass": {
      "empty": 1076.0,
      "forest": 380.0,
      "mountain": 58.0,
      "port": 11.0,
      "ruin": 83.0,
      "settlement": 354.0
    },
    "repeat_cells": 483,
    "total_observations": 1962.0
  },
  "prior_blend_gate": {
    "alpha_max": 1.0,
    "alpha_mean": 0.7678205779314692,
    "alpha_min": 0.6365980847511512,
    "strength": 0.4319719593656739
  },
  "rare_class": {
    "port_blend": 0.7,
    "port_gate": 1.0,
    "port_rate": 0.0655319120441095,
    "port_support_summary": {
      "count": 194.0,
      "max": 0.6771182657708686,
      "mean": 0.4123387168428992,
      "p95": 0.6402766032304633
    },
    "ruin_blend": 0.8,
    "ruin_support_summary": {
      "count": 1363.0,
      "max": 0.9688853594511502,
      "mean": 0.4766351232716755,
      "p95": 0.8668475138058697
    }
  },
  "residual_calibrator": {
    "blend_max": 0.6760210304757446,
    "blend_mean": 0.6002369498545292,
    "blend_min": 0.5680280406343261,
    "mean_pred_active": 0.27779916069615646,
    "mean_pred_forest_share_non_active": 0.2511109732894412,
    "mean_pred_port_share_active": 0.06706366816976368,
    "mean_pred_ruin_share_active": 0.06408707931689551,
    "mean_pred_settlement_share_active": 0.868849252513341
  },
  "round_regime": {
    "forest_signal": 0.5574127326463776,
    "high_activity_factor": 0.5680280406343261,
    "low_activity_factor": 0.4319719593656739,
    "repeat_fraction": 0.39720678780597685,
    "repeat_signal": 1.0,
    "settlement_signal": 0.57374397570476
  },
  "seed_index": 4,
  "stage_summaries": {
    "base_prediction": {
      "argmax_count": {
        "empty": 1197,
        "forest": 368,
        "mountain": 35,
        "port": 0,
        "ruin": 0,
        "settlement": 0
      },
      "class_mass": {
        "empty": 949.8067548018229,
        "forest": 317.4689547324258,
        "mountain": 35.15041983964042,
        "port": 19.007548435109584,
        "ruin": 38.38461805596886,
        "settlement": 240.18170413503253
      },
      "max_entropy": 1.4721372304267675,
      "mean_entropy": 0.8868671120012166,
      "min_probability": 0.0024003628003745462
    },
    "final_prediction": {
      "argmax_count": {
        "empty": 1153,
        "forest": 368,
        "mountain": 35,
        "port": 0,
        "ruin": 0,
        "settlement": 44
      },
      "class_mass": {
        "empty": 888.1010531217835,
        "forest": 307.70072094860376,
        "mountain": 38.48104794423044,
        "port": 22.062446259802286,
        "ruin": 32.05088173701499,
        "settlement": 311.6038499885652
      },
      "max_entropy": 1.4399587029583587,
      "mean_entropy": 0.7941169783002212,
      "min_probability": 0.0024996142570590956
    },
    "learned_prior": {
      "argmax_count": {
        "empty": 1198,
        "forest": 367,
        "mountain": 35,
        "port": 0,
        "ruin": 0,
        "settlement": 0
      },
      "class_mass": {
        "empty": 881.7192011548002,
        "forest": 324.3559135617038,
        "mountain": 38.475043113022096,
        "port": 21.453200375351525,
        "ruin": 28.184118925792934,
        "settlement": 305.8125228693294
      },
      "max_entropy": 1.3091270060424882,
      "mean_entropy": 1.001851542400641,
      "min_probability": 0.0024996142570590956
    },
    "observation_target": {
      "argmax_count": {
        "empty": 1205,
        "forest": 357,
        "mountain": 33,
        "port": 1,
        "ruin": 0,
        "settlement": 4
      },
      "class_mass": {
        "empty": 911.2780483548678,
        "forest": 306.37050253976025,
        "mountain": 39.20672034039004,
        "port": 13.574128522441704,
        "ruin": 52.573613335444904,
        "settlement": 276.99698690709533
      },
      "max_entropy": 1.4592376050500182,
      "mean_entropy": 1.0264848614187818,
      "min_probability": 0.0024999360621630177
    },
    "post_active_concentration": {
      "argmax_count": {
        "empty": 1196,
        "forest": 368,
        "mountain": 35,
        "port": 0,
        "ruin": 0,
        "settlement": 1
      },
      "class_mass": {
        "empty": 888.307844153314,
        "forest": 307.73141505211044,
        "mountain": 38.42227594175116,
        "port": 23.18861339087328,
        "ruin": 32.06323611451108,
        "settlement": 310.28661534744015
      },
      "max_entropy": 1.4317803210050848,
      "mean_entropy": 0.8020217756962263,
      "min_probability": 0.00249984344305005
    },
    "post_confidence": {
      "argmax_count": {
        "empty": 1185,
        "forest": 368,
        "mountain": 35,
        "port": 0,
        "ruin": 0,
        "settlement": 12
      },
      "class_mass": {
        "empty": 864.4329750221887,
        "forest": 344.44812813927274,
        "mountain": 38.64842034268101,
        "port": 21.723116436013825,
        "ruin": 38.800164626395684,
        "settlement": 291.9471954334481
      },
      "max_entropy": 1.3926220781256062,
      "mean_entropy": 0.8049077315693693,
      "min_probability": 0.0024996142570590956
    },
    "post_physical": {
      "argmax_count": {
        "empty": 1186,
        "forest": 368,
        "mountain": 35,
        "port": 0,
        "ruin": 0,
        "settlement": 11
      },
      "class_mass": {
        "empty": 865.3528186720877,
        "forest": 350.3933923046122,
        "mountain": 38.54682769524089,
        "port": 21.453397285382735,
        "ruin": 38.56746323297733,
        "settlement": 285.6861008096994
      },
      "max_entropy": 1.3918115958384347,
      "mean_entropy": 0.8157950309254669,
      "min_probability": 0.0024691358024691358
    },
    "post_prior_gate": {
      "argmax_count": {
        "empty": 1192,
        "forest": 368,
        "mountain": 35,
        "port": 0,
        "ruin": 0,
        "settlement": 5
      },
      "class_mass": {
        "empty": 887.2219611696597,
        "forest": 307.82515021355505,
        "mountain": 38.400800369468854,
        "port": 23.350742576747855,
        "ruin": 32.16469786549932,
        "settlement": 311.03664780506915
      },
      "max_entropy": 1.431282281251115,
      "mean_entropy": 0.8058799859597227,
      "min_probability": 0.0024999999726104632
    },
    "post_rare": {
      "argmax_count": {
        "empty": 1186,
        "forest": 368,
        "mountain": 35,
        "port": 0,
        "ruin": 0,
        "settlement": 11
      },
      "class_mass": {
        "empty": 848.1054586616146,
        "forest": 357.9094621030998,
        "mountain": 35.55798087255932,
        "port": 21.39495294599189,
        "ruin": 38.401107966062,
        "settlement": 298.63103745067235
      },
      "max_entropy": 1.450202090682276,
      "mean_entropy": 0.8872546344678642,
      "min_probability": 0.0024996974404678323
    },
    "post_settlement": {
      "argmax_count": {
        "empty": 1197,
        "forest": 368,
        "mountain": 35,
        "port": 0,
        "ruin": 0,
        "settlement": 0
      },
      "class_mass": {
        "empty": 949.8067548018229,
        "forest": 317.4689547324258,
        "mountain": 35.15041983964042,
        "port": 19.007548435109584,
        "ruin": 38.38461805596886,
        "settlement": 240.18170413503253
      },
      "max_entropy": 1.4721372304267675,
      "mean_entropy": 0.8868671120012166,
      "min_probability": 0.0024003628003745462
    },
    "post_structural": {
      "argmax_count": {
        "empty": 1186,
        "forest": 368,
        "mountain": 35,