{
  "active_model": {
    "bias": -1.2798685449767002,
    "weights": [
      0.0,
      0.018280641201208262,
      -0.000269276346860905,
      -0.00011958000448130913,
      0.02738312880767677,
      -0.00604552187277843,
      -0.044982772099522055,
      0.00040004987726549303,
      0.0,
      0.003145008948899614,
      0.006329731357405087,
      -0.007496425787679926,
      -0.0029946993361097203,
      0.03245252018877411,
      0.0030037892139585724,
      0.0,
      0.0260069809812181,
      -0.0005451832148615039,
      -0.0028505052335039546,
      -0.008398129611654193,
      0.02738535327739734,
      0.002530913018694897,
      0.0,
      -0.00011958000448130913,
      -0.00604552187277843,
      0.0028505052335044646,
      0.015063698272855622,
      0.00227887894031658,
      -0.00912195275979668,
      0.004753052914102672,
      0.01102213620630838,
      0.0013026797114263854,
      0.022716620095821448,
      -0.003905911727641328,
      -0.000789098614611303,
      0.005573391358347371,
      0.0,
      0.00036857239484873455,
      0.02902752367689156,
      0.011917918842999439,
      0.0020522302871311114
    ]
  },
  "active_type_model": {
    "bias": [
      1.7137212350904567,
      -1.1105418299959209,
      -0.6031794050945414
    ],
    "weights": [
      [
        0.0,
        0.0,
        0.0
      ],
      [
        9.338728667460503e-06,
        -8.269193297652154e-06,
        -1.0695353698128005e-06
      ],
      [
        -0.0820735137906531,
        0.10096736616919809,
        -0.018893852378544625
      ],
      [
        -0.0010830018276516038,
        0.0007151119040791928,
        0.00036788992357240853
      ],
      [
        0.009960654638329411,
        -0.011921027294888729,
        0.0019603726565594133
      ],
      [
        -3.112056685062505e-06,
        2.75564257175339e-06,
        3.5641411331822535e-07
      ],
      [
        -0.009000929063273757,
        0.008457626731767741,
        0.0005433023315060057
      ],
      [
        0.026920600263121548,
        -0.043532512211080863,
        0.01661191194795928
      ],
      [
        0.0,
        0.0,
        0.0
      ],
      [
        0.005162507099516429,
        -0.012870326638801886,
        0.007707819539285494
      ],
      [
        0.019143689845325804,
        -0.02701114123541845,
        0.00786745139009297
      ],
      [
        0.0055414071415431105,
        -0.008189388834369874,
        0.002647981692826769
      ],
      [
        -0.023224501863002348,
        0.03817873653864928,
        -0.014954234675646926
      ],
      [
        0.005157786482205121,
        -0.00375631699736909,
        -0.0014014694848360383
      ],
      [
        0.00700396360653983,
        -0.01326193113794743,
        0.0062579675314075895
      ],
      [
        0.0,
        0.0,
        0.0
      ],
      [
        0.013081077256721321,
        -0.018967465173387647,
        0.00588638791666617
      ],
      [
        -0.003937232863360093,
        0.009341312681089311,
        -0.005404079817729157
      ],
      [
        0.02372554009791463,
        -0.03556608343987624,
        0.011840543341961739
      ],
      [
        -0.002768047579624556,
        0.0038552034870087816,
        -0.0010871559073842192
      ],
      [
        0.012140729649366884,
        -0.01452750186808168,
        0.0023867722187149555
      ],
      [
        -0.010068118272546174,
        0.012036205279845016,
        -0.001968087007298591
      ],
      [
        0.0,
        0.0,
        0.0
      ],
      [
        -0.0010830018276516038,
        0.0007151119040791928,
        0.00036788992357240853
      ],
      [
        -3.112056685062505e-06,
        2.75564257175339e-06,
        3.5641411331822535e-07
      ],
      [
        -0.02372554009791718,
        0.03556608343988008,
        -0.011840543341963095
      ],
      [
        0.012928117310436435,
        -0.019785932324575446,
        0.006857815014138938
      ],
      [
        -0.003253040630190563,
        0.00809837108340357,
        -0.004845330453213005
      ],
      [
        0.004430752600569534,
        -0.013568032376644737,
        0.009137279776075261
      ],
      [
        0.015448043452335483,
        -0.022998276237067912,
        0.007550232784732468
      ],
      [
        -0.07669466584672653,
        0.0981242445943196,
        -0.02142957874759351
      ],
      [
        -0.013084871941534723,
        0.020281523962096995,
        -0.007196652020562317
      ],
      [
        0.009470715423025642,
        -0.012291764118739555,
        0.0028210486957139743
      ],
      [
        0.006136530556762454,
        -0.014073338798205279,
        0.00793680824144267
      ],
      [
        0.004125607792319336,
        -0.006671966411174365,
        0.0025463586188550357
      ],
      [
        0.002971981258980773,
        -0.005380632518846191,
        0.0024086512598654203
      ],
      [
        0.0,
        0.0,
        0.0
      ],
      [
        -0.08366075487971655,
        0.10249838862514037,
        -0.018837633745423663
      ],
      [
        0.012355148727484784,
        -0.01791364629276803,
        0.005558497565283197
      ],
      [
        0.016256716104507633,
        -0.022935971265889622,
        0.006679255161382015
      ],
      [
        0.010693589851642957,
        -0.02110759673047559,
        0.01041400687883251
      ]
    ]
  },
  "feature_mean": [
    1.0,
    0.85128125,
    0.15028125,
    0.2135859375,
    0.0286015625,
    0.01903125,
    0.04605380859374894,
    0.04962841796872562,
    1.0,
    0.028117513020840687,
    0.20905891927083034,
    0.01901334635416695,
    0.13179264322918527,
    0.472546875,
    0.280234375,
    0.0,
    0.31321599534436206,
    0.022265921277900093,
    0.1543749999999946,
    0.73878125,
    0.027546875,
    0.0010546875,
    0.0,
    0.2135859375,
    0.01903125,
    0.845625000000064,
    0.14877662386417773,
    0.011290793630575988,
    0.001304728190103549,
    0.05422304958763194,
    0.0327840839665875,
    0.009169147171497785,
    0.22121141117239487,
    0.015118326822920943,
    0.049350260416666396,
    0.0712636960021011,
    0.0,
    0.13947714843750916,
    0.2900102288888962,
    0.19114485677083304,
    0.006281405978732854
  ],
  "feature_names": [
    "bias",
    "buildable",
    "coastal",
    "initial_forest",
    "initial_settlement_like",
    "initial_mountain",
    "dist_to_settlement",
    "dist_to_coast",
    "dist_to_ruin",
    "settlement_density",
    "forest_density",
    "mountain_density",
    "coastal_density",
    "frontier",
    "conflict",
    "reclaimable",
    "settlement_intensity",
    "port_intensity",
    "border_distance",
    "initial_class_empty",
    "initial_class_settlement",
    "initial_class_port",
    "initial_class_ruin",
    "initial_class_forest",
    "initial_class_mountain",
    "border_support",
    "settlement_intensity_sq",
    "port_intensity_sq",
    "settlement_density_sq",
    "forest_density_sq",
    "coastal_x_settlement_intensity",
    "coastal_x_port_intensity",
    "frontier_x_settlement_intensity",
    "conflict_x_settlement_density",
    "initial_forest_x_forest_density",
    "initial_forest_x_settlement_intensity",
    "reclaimable_x_settlement_intensity",
    "coastal_x_border_support",
    "buildable_x_settlement_intensity",
    "buildable_x_forest_density",
    "settlement_x_forest_density"
  ],