{
  "active_model": {
    "bias": -1.156561217267277,
    "weights": [
      0.0,
      0.018981658450560965,
      -0.0009227522853683609,
      -0.000399811328802483,
      0.026836437939466763,
      -0.0063470830461868155,
      -0.04470036940572896,
      -0.0019425734066459929,
      0.0,
      0.009874239443499558,
      0.006110734347836748,
      -0.006946139514104891,
      -0.0032618320471981114,
      0.03349678832416158,
      0.006327443723476531,
      0.0,
      0.027282847231639897,
      -0.0002729730400038081,
      -0.0023161322247853898,
      -0.007860486475690575,
      0.026820432459371855,
      0.0025777050647556423,
      0.0,
      -0.000399811328802483,
      -0.0063470830461868155,
      0.0023161322247857736,
      0.015314277796929059,
      0.0021138755350354884,
      -0.0020890032112419886,
      0.0040007268281105285,
      0.011262264429127469,
      0.002054016816348046,
      0.023171020551109374,
      0.0008746905086959424,
      -0.0013958296585980343,
      0.00540745922929144,
      0.0,
      -0.0005389399280494914,
      0.030470439533715053,
      0.012010227615487316,
      0.007193461756741456
    ]
  },
  "active_type_model": {
    "bias": [
      1.739047113789709,
      -1.0852636052154134,
      -0.6537835085742887
    ],
    "weights": [
      [
        0.0,
        0.0,
        0.0
      ],
      [
        -3.1617238159972736e-06,
        2.9508569662875685e-06,
        2.1086684965673015e-07
      ],
      [
        -0.08315297065719572,
        0.10114507765757888,
        -0.017992107000382205
      ],
      [
        -0.000938571886882201,
        0.0006233014980384157,
        0.00031527038884380154
      ],
      [
        0.008937462394888884,
        -0.011428445157813587,
        0.0024909827629245648
      ],
      [
        1.0581523412047907e-06,
        -9.875803166987863e-07,
        -7.057202452251256e-08
      ],
      [
        -0.008088889682537641,
        0.008752922445859056,
        -0.0006640327633213871
      ],
      [
        0.028138989525006552,
        -0.043391036766785414,
        0.015252047241778893
      ],
      [
        0.0,
        0.0,
        0.0
      ],
      [
        0.006314655382658166,
        -0.013045320615475258,
        0.006730665232817125
      ],
      [
        0.019040861037961123,
        -0.026163458205171557,
        0.007122597167210433
      ],
      [
        0.006323882613669768,
        -0.008739422241654802,
        0.0024155396279850936
      ],
      [
        -0.025520503358990195,
        0.03922481226220097,
        -0.013704308903211011
      ],
      [
        0.004273728363367532,
        -0.004026733222735219,
        -0.00024699514063235186
      ],
      [
        0.007356855119614838,
        -0.013096078403064117,
        0.005739223283449097
      ],
      [
        0.0,
        0.0,
        0.0
      ],
      [
        0.012691487237025819,
        -0.01908000154876436,
        0.006388514311738252
      ],
      [
        -0.004451844247003688,
        0.0093594856158884,
        -0.004907641368884695
      ],
      [
        0.02417227972933317,
        -0.03474732238273271,
        0.010575042653399156
      ],
      [
        -0.002527412831068949,
        0.003769658970030304,
        -0.0012422461389613774
      ],
      [
        0.010995275441720942,
        -0.013913377342271705,
        0.0029181019005507665
      ],
      [
        -0.009514769110146854,
        0.011430476847122045,
        -0.0019157077369752762
      ],
      [
        0.0,
        0.0,
        0.0
      ],
      [
        -0.000938571886882201,
        0.0006233014980384157,
        0.00031527038884380154
      ],
      [
        1.0581523412047907e-06,
        -9.875803166987863e-07,
        -7.057202452251256e-08
      ],
      [
        -0.024172279729335947,
        0.03474732238273668,
        -0.01057504265340053
      ],
      [
        0.012611606143477476,
        -0.019970038572217564,
        0.007358432428739886
      ],
      [
        -0.0034207652249158907,
        0.007792800743240064,
        -0.004372035518324162
      ],
      [
        0.005963808617469392,
        -0.013893589247933198,
        0.007929780630463923
      ],
      [
        0.015430728254503753,
        -0.022280427582417228,
        0.006849699327913394
      ],
      [
        -0.07711915257646505,
        0.09734005147074372,
        -0.020220898894278357
      ],
      [
        -0.013334269080458847,
        0.020354223697622385,
        -0.0070199546171636415
      ],
      [
        0.008850404212519042,
        -0.012579932815579686,
        0.0037295286030605817
      ],
      [
        0.007015640402026496,
        -0.014130369697340585,
        0.007114729295313993
      ],
      [
        0.004069521857572574,
        -0.006396274791717088,
        0.002326752934144552
      ],
      [
        0.0031960687501517582,
        -0.005795519752390555,
        0.0025994510022387977
      ],
      [
        0.0,
        0.0,
        0.0
      ],
      [
        -0.08455387487946783,
        0.10241004994526269,
        -0.017856175065795322
      ],
      [
        0.011973218356739722,
        -0.018000602327614218,
        0.006027383970874351
      ],
      [
        0.016149786604543182,
        -0.022191418216909342,
        0.006041631612366235
      ],
      [
        0.011699311933710618,
        -0.021050649731544645,
        0.009351337797834071
      ]
    ]
  },
  "feature_mean": [
    1.0,
    0.8509861111111111,
    0.15036805555555555,
    0.21383333333333332,
    0.028847222222222222,
    0.01923611111111111,
    0.04590833333333126,
    0.049174565972195314,
    1.0,
    0.028356626157415618,
    0.2092803819444402,
    0.019218749999999844,
    0.13190306712963168,
    0.47413194444444445,
    0.28334027777777776,
    0.0,
    0.31357577090735456,
    0.02276105914143789,
    0.1543750000000033,
    0.7380833333333333,
    0.027777777777777776,
    0.0010694444444444445,
    0.0,
    0.21383333333333332,
    0.01923611111111111,
    0.8456250000000892,
    0.14885037766129938,
    0.011593040242889135,
    0.001324089144482397,
    0.05430715904701768,
    0.033174104761727885,
    0.00944029980914763,
    0.2216659074185186,
    0.015341001157410258,
    0.04940219907407392,
    0.07115662440915801,
    0.0,
    0.13941701388888386,
    0.2900857881425119,
    0.19128153935185022,
    0.006318371431327367
  ],
  "feature_names": [
    "bias",
    "buildable",
    "coastal",
    "initial_forest",
    "initial_settlement_like",
    "initial_mountain",
    "dist_to_settlement",
    "dist_to_coast",
    "dist_to_ruin",
    "settlement_density",
    "forest_density",
    "mountain_density",
    "coastal_density",
    "frontier",
    "conflict",
    "reclaimable",
    "settlement_intensity",
    "port_intensity",
    "border_distance",
    "initial_class_empty",
    "initial_class_settlement",
    "initial_class_port",
    "initial_class_ruin",
    "initial_class_forest",
    "initial_class_mountain",
    "border_support",
    "settlement_intensity_sq",
    "port_intensity_sq",
    "settlement_density_sq",
    "forest_density_sq",
    "coastal_x_settlement_intensity",
    "coastal_x_port_intensity",
    "frontier_x_settlement_intensity",
    "conflict_x_settlement_density",
    "initial_forest_x_forest_density",
    "initial_forest_x_settlement_intensity",
    "reclaimable_x_settlement_intensity",
    "coastal_x_border_support",
    "buildable_x_settlement_intensity",
    "buildable_x_forest_density",
    "settlement_x_forest_density"
  ],