{
  "active_model": {
    "bias": -1.282006185779343,
    "weights": [
      0.0,
      0.01935788321678174,
      0.0003355058461589385,
      0.00030852664191211064,
      0.026884888840816662,
      -0.0064296674178132545,
      -0.04382630871772695,
      -0.0006501541424368725,
      0.0,
      0.003012576168615402,
      0.006862442890900042,
      -0.005632868033047381,
      -0.0026275689533158484,
      0.03042522121983751,
      0.0014140283777098906,
      0.0,
      0.02389073614653782,
      -0.0010248544015019948,
      -0.0021908169256246537,
      -0.008479155915291784,
      0.02687382160821665,
      0.002651583657293184,
      0.0,
      0.00030852664191211064,
      -0.0064296674178132545,
      0.002190816925624117,
      0.012719803526128242,
      0.0018230678270202514,
      -0.008801094113929066,
      0.005149659266169961,
      0.011228394898548795,
      0.0018785297905233975,
      0.020399240974258995,
      -0.005111348097722934,
      -0.00044492837391202963,
      0.00532154677396265,
      0.0,
      0.0009006267105626203,
      0.027366470754217356,
      0.012777773521416855,
      0.0022982677668917447
    ]
  },
  "active_type_model": {
    "bias": [
      1.7082492159323492,
      -1.070159127187244,
      -0.6380900887450874
    ],
    "weights": [
      [
        0.0,
        0.0,
        0.0
      ],
      [
        5.051661743488592e-07,
        -7.74035361474443e-08,
        -4.277626382203403e-07
      ],
      [
        -0.08370141942422196,
        0.10277281942054707,
        -0.01907139999632475
      ],
      [
        -0.0012830029407983048,
        0.0010455011199326301,
        0.00023750182086567902
      ],
      [
        0.009809602298459204,
        -0.01221523858808798,
        0.002405636289628764
      ],
      [
        -1.692973676099227e-07,
        2.5940404525702597e-08,
        1.4335696308236774e-07
      ],
      [
        -0.009181036904023205,
        0.008559433134559022,
        0.0006216037694642312
      ],
      [
        0.027450972416398784,
        -0.04421568714014783,
        0.01676471472374935
      ],
      [
        0.0,
        0.0,
        0.0
      ],
      [
        0.005515364276694149,
        -0.01354943561609909,
        0.008034071339405105
      ],
      [
        0.01952551681053523,
        -0.027638217850640814,
        0.008112701040105221
      ],
      [
        0.005929850018330547,
        -0.008880687390030994,
        0.002950837371700551
      ],
      [
        -0.023561924484879752,
        0.03878031932192557,
        -0.015218394837045613
      ],
      [
        0.005640115090402614,
        -0.003832002840814018,
        -0.0018081122495885744
      ],
      [
        0.007499359391003421,
        -0.013682374587654134,
        0.0061830151966507695
      ],
      [
        0.0,
        0.0,
        0.0
      ],
      [
        0.013728887013483751,
        -0.019435926662483748,
        0.005707039648999853
      ],
      [
        -0.004156443781769029,
        0.009791578742758163,
        -0.005635134960989165
      ],
      [
        0.023949006608562654,
        -0.0355948603354062,
        0.011645853726844053
      ],
      [
        -0.002535104871888364,
        0.0036712551190973925,
        -0.001136150247209088
      ],
      [
        0.012253996423853502,
        -0.015089219083344216,
        0.0028352226594908483
      ],
      [
        -0.010883265553790667,
        0.012730056354319412,
        -0.0018467908005286762
      ],
      [
        0.0,
        0.0,
        0.0
      ],
      [
        -0.0012830029407983048,
        0.0010455011199326301,
        0.00023750182086567902
      ],
      [
        -1.692973676099227e-07,
        2.5940404525702597e-08,
        1.4335696308236774e-07
      ],
      [
        -0.023949006608557408,
        0.03559486033539835,
        -0.011645853726841314
      ],
      [
        0.01339566157523576,
        -0.020038437268774124,
        0.006642775693538086
      ],
      [
        -0.0032770310318687534,
        0.008184180017190233,
        -0.004907148985321497
      ],
      [
        0.004429844267007076,
        -0.01411440792492125,
        0.009684563657914272
      ],
      [
        0.01573914638388949,
        -0.023647915159096745,
        0.007908768775207155
      ],
      [
        -0.07650920193033382,
        0.09788989912101737,
        -0.021380697190682963
      ],
      [
        -0.01384124683972282,
        0.02129599949450803,
        -0.007454752654785335
      ],
      [
        0.01007368249349966,
        -0.012538346530848846,
        0.0024646640373492887
      ],
      [
        0.006449427076145788,
        -0.014610658589768661,
        0.00816123151362282
      ],
      [
        0.004097202907735436,
        -0.006766140941523541,
        0.0026689380337880414
      ],
      [
        0.003132724246483125,
        -0.0053121565587193305,
        0.0021794323122361456
      ],
      [
        0.0,
        0.0,
        0.0
      ],
      [
        -0.08530512954140236,
        0.10434466548260872,
        -0.019039535941205707
      ],
      [
        0.012953285929220928,
        -0.018337759497325586,
        0.005384473568104784
      ],
      [
        0.016553589791989134,
        -0.023431250970733543,
        0.006877661178744297
      ],
      [
        0.0109990746440572,
        -0.021672737779730913,
        0.010673663135673988
      ]
    ]
  },
  "feature_mean": [
    1.0,
    0.8485208333333333,
    0.15442708333333333,
    0.212625,
    0.02871875,
    0.01965625,
    0.04601210937499985,
    0.048430729166649124,
    1.0,
    0.028230902777780478,
    0.2080937499999982,
    0.019636718750000757,
    0.135934461805568,
    0.47263541666666664,
    0.27808333333333335,
    0.0,
    0.312340535157179,
    0.0242199642458673,
    0.15437499999998017,
    0.739,
    0.027572916666666666,
    0.0011458333333333333,
    0.0,
    0.212625,
    0.01965625,
    0.8456249999999883,
    0.14793064632336017,
    0.012255679266581998,
    0.001315800419559729,
    0.05380132378470696,
    0.03378497565603797,
    0.009999210862837305,
    0.22031239046634407,
    0.015054904513891165,
    0.04903124999999968,
    0.07088402022315218,
    0.0,
    0.1428825520833533,
    0.2883815653376994,
    0.18989930555555648,
    0.006295428240740786
  ],
  "feature_names": [
    "bias",
    "buildable",
    "coastal",
    "initial_forest",
    "initial_settlement_like",
    "initial_mountain",
    "dist_to_settlement",
    "dist_to_coast",
    "dist_to_ruin",
    "settlement_density",
    "forest_density",
    "mountain_density",
    "coastal_density",
    "frontier",
    "conflict",
    "reclaimable",
    "settlement_intensity",
    "port_intensity",
    "border_distance",
    "initial_class_empty",
    "initial_class_settlement",
    "initial_class_port",
    "initial_class_ruin",
    "initial_class_forest",
    "initial_class_mountain",
    "border_support",
    "settlement_intensity_sq",
    "port_intensity_sq",
    "settlement_density_sq",
    "forest_density_sq",
    "coastal_x_settlement_intensity",
    "coastal_x_port_intensity",
    "frontier_x_settlement_intensity",
    "conflict_x_settlement_density",
    "initial_forest_x_forest_density",
    "initial_forest_x_settlement_intensity",
    "reclaimable_x_settlement_intensity",
    "coastal_x_border_support",
    "buildable_x_settlement_intensity",
    "buildable_x_forest_density",
    "settlement_x_forest_density"
  ],