{
  "active_model": {
    "bias": -1.210498652379247,
    "weights": [
      0.0,
      0.019240067367596432,
      -0.0003827281672966111,
      -0.00042754131019694016,
      0.024942701924766626,
      -0.006353431860056963,
      -0.04269946773651783,
      -0.0011183311636107822,
      0.0,
      0.009540752418672981,
      0.00588177717109252,
      -0.005732009920487986,
      -0.0032331598662817423,
      0.03176113223381227,
      0.006590986876856131,
      0.0,
      0.023840527226521843,
      -0.00017436522561118474,
      -0.001907414127910787,
      -0.00715524905238869,
      0.0249617138462044,
      0.0022313446173108822,
      0.0,
      -0.00042754131019694016,
      -0.006353431860056963,
      0.0019074141279113862,
      0.012029270561334415,
      0.0021213790721042913,
      -0.0015185367201420732,
      0.0035449328272434298,
      0.010879252328808075,
      0.0022966136808172297,
      0.020704443752415248,
      0.0014708725646351269,
      -0.0015966778638546305,
      0.003998301420761747,
      0.0,
      -2.7128395656505814e-05,
      0.02722592807561629,
      0.011866536618544397,
      0.006511632921901219
    ]
  },
  "active_type_model": {
    "bias": [
      1.737894048414023,
      -1.089687029518006,
      -0.6482070188959889
    ],
    "weights": [
      [
        0.0,
        0.0,
        0.0
      ],
      [
        -1.2957566306097315e-06,
        7.468629549030342e-07,
        5.488936756834753e-07
      ],
      [
        -0.08304610080278718,
        0.10103562715321114,
        -0.017989526350425576
      ],
      [
        -0.0009537002712465264,
        0.0006355369472790889,
        0.00031816332396743404
      ],
      [
        0.008893047050742366,
        -0.011547419878641921,
        0.0026543728278995028
      ],
      [
        4.2987533704000506e-07,
        -2.477764395569148e-07,
        -1.8209889747890617e-07
      ],
      [
        -0.008012227133309048,
        0.008820384997805592,
        -0.0008081578644964696
      ],
      [
        0.02822747408626971,
        -0.04345379960475932,
        0.015226325518489974
      ],
      [
        0.0,
        0.0,
        0.0
      ],
      [
        0.006330074446779909,
        -0.013076093539597705,
        0.006746019092817778
      ],
      [
        0.018985971138491358,
        -0.026107916270287017,
        0.007121945131795491
      ],
      [
        0.006389494425029116,
        -0.008742499975752854,
        0.002353005550723746
      ],
      [
        -0.025479439700904463,
        0.03915763125490088,
        -0.013678191553996405
      ],
      [
        0.004190332639361753,
        -0.004033915173373035,
        -0.00015641746598869457
      ],
      [
        0.007369141995049938,
        -0.013118767788572057,
        0.0057496257935219204
      ],
      [
        0.0,
        0.0,
        0.0
      ],
      [
        0.012517142587385842,
        -0.01907735080418478,
        0.006560208216798951
      ],
      [
        -0.0044715307249623484,
        0.00940935760345452,
        -0.00493782687849214
      ],
      [
        0.0241302284404221,
        -0.03472061107223609,
        0.010590382631813928
      ],
      [
        -0.002505595257006384,
        0.003815651800830506,
        -0.0013100565438241474
      ],
      [
        0.010979414909091755,
        -0.014068629667127222,
        0.003089214758035501
      ],
      [
        -0.009631048353337583,
        0.011563650362251083,
        -0.0019326020089132892
      ],
      [
        0.0,
        0.0,
        0.0
      ],
      [
        -0.0009537002712465264,
        0.0006355369472790889,
        0.00031816332396743404
      ],
      [
        4.2987533704000506e-07,
        -2.477764395569148e-07,
        -1.8209889747890617e-07
      ],
      [
        -0.024130228440425623,
        0.03472061107224108,
        -0.010590382631815425
      ],
      [
        0.012374822576713511,
        -0.019896081618820408,
        0.007521259042106924
      ],
      [
        -0.003456930250839506,
        0.007867923249615967,
        -0.004410992998776392
      ],
      [
        0.005989641492905751,
        -0.013913689168353829,
        0.007924047675447894
      ],
      [
        0.015346079805771065,
        -0.022202649454166272,
        0.006856569648395408
      ],
      [
        -0.07687742932954851,
        0.09698232635544525,
        -0.020104897025895407
      ],
      [
        -0.013436740630960661,
        0.020506227431409275,
        -0.007069486800448585
      ],
      [
        0.008692163144922459,
        -0.012542503997627017,
        0.0038503408527045834
      ],
      [
        0.007025707780741626,
        -0.014136886942819274,
        0.007111179162077508
      ],
      [
        0.00405550785143194,
        -0.006388552739774979,
        0.002333044888343013
      ],
      [
        0.003103975914000749,
        -0.005761312221641941,
        0.0026573363076411783
      ],
      [
        0.0,
        0.0,
        0.0
      ],
      [
        -0.08444597564835203,
        0.10229969592339372,
        -0.01785372027504317
      ],
      [
        0.011800275426555458,
        -0.017985063079646695,
        0.006184787653091495
      ],
      [
        0.016126270436387438,
        -0.022175861694677137,
        0.006049591258289703
      ],
      [
        0.01167021285878562,
        -0.02102453555061452,
        0.009354322691828865
      ]
    ]
  },
  "feature_mean": [
    1.0,
    0.851,
    0.15055,
    0.21394375,
    0.0290125,
    0.01890625,
    0.04576874999999751,
    0.049039765624970935,
    1.0,
    0.028517187500004718,
    0.20937526041666393,
    0.018885416666666245,
    0.13210651041665492,
    0.47690625,
    0.285125,
    0.0,
    0.31719862861459613,
    0.022825672696437798,
    0.15437500000001023,
    0.7381375,
    0.02793125,
    0.00108125,
    0.0,
    0.21394375,
    0.01890625,
    0.8456250000001186,
    0.1518198642316305,
    0.011602910304372023,
    0.0013339409722215821,
    0.054445149739538456,
    0.03339286489528079,
    0.009435672669129692,
    0.22483898981483666,
    0.015456510416667285,
    0.04954374999999974,
    0.0720854066374417,
    0.0,
    0.1395737499999839,
    0.29364258802298143,
    0.1914255208333322,
    0.006365673828125208
  ],
  "feature_names": [
    "bias",
    "buildable",
    "coastal",
    "initial_forest",
    "initial_settlement_like",
    "initial_mountain",
    "dist_to_settlement",
    "dist_to_coast",
    "dist_to_ruin",
    "settlement_density",
    "forest_density",
    "mountain_density",
    "coastal_density",
    "frontier",
    "conflict",
    "reclaimable",
    "settlement_intensity",
    "port_intensity",
    "border_distance",
    "initial_class_empty",
    "initial_class_settlement",
    "initial_class_port",
    "initial_class_ruin",
    "initial_class_forest",
    "initial_class_mountain",
    "border_support",
    "settlement_intensity_sq",
    "port_intensity_sq",
    "settlement_density_sq",
    "forest_density_sq",
    "coastal_x_settlement_intensity",
    "coastal_x_port_intensity",
    "frontier_x_settlement_intensity",
    "conflict_x_settlement_density",
    "initial_forest_x_forest_density",
    "initial_forest_x_settlement_intensity",
    "reclaimable_x_settlement_intensity",
    "coastal_x_border_support",
    "buildable_x_settlement_intensity",
    "buildable_x_forest_density",
    "settlement_x_forest_density"
  ],