{
  "active_model": {
    "bias": -1.183287494061274,
    "weights": [
      0.0,
      0.019208856108102766,
      -0.0005744395578282351,
      -0.0004853897287253169,
      0.025534816527686032,
      -0.006415648192627626,
      -0.04387488672350061,
      -0.002513735739849289,
      0.0,
      0.009796140572820694,
      0.0058791973736766374,
      -0.0068773218100723005,
      -0.002891195310981554,
      0.03274520002454182,
      0.006485121767700008,
      0.0,
      0.025246783339967986,
      0.0003730638788511555,
      -0.0018478889377197508,
      -0.0072772423938111865,
      0.025498674634872546,
      0.002527656345686454,
      0.0,
      -0.0004853897287253169,
      -0.006415648192627626,
      0.0018478889377202515,
      0.013205818447536167,
      0.0024093493135883656,
      -0.0017521798953779332,
      0.0036890781758469543,
      0.011476705115959987,
      0.0024516740016676673,
      0.021792596061164578,
      0.0012313566452172402,
      -0.0016055988859623505,
      0.004476012627846329,
      0.0,
      -0.0002547820509294581,
      0.028564089791620083,
      0.011868273857125035,
      0.006743865638448151
    ]
  },
  "active_type_model": {
    "bias": [
      1.7402881889490354,
      -1.0895073126932335,
      -0.6507808762557745
    ],
    "weights": [
      [
        0.0,
        0.0,
        0.0
      ],
      [
        -3.2427492998389644e-07,
        -1.1424062552078771e-07,
        4.385155554909494e-07
      ],
      [
        -0.08313829283898942,
        0.10117788229706251,
        -0.018039589458073612
      ],
      [
        -0.0009397123751891904,
        0.0006201572620938049,
        0.000319555113095393
      ],
      [
        0.00892211079217272,
        -0.01151087315622734,
        0.002588762364054578
      ],
      [
        1.0886549433734482e-07,
        3.835283280087831e-08,
        -1.472183271430042e-07
      ],
      [
        -0.00808618453511177,
        0.008791392334537702,
        -0.0007052077994259611
      ],
      [
        0.02796822408296746,
        -0.04318763096285571,
        0.015219406879888094
      ],
      [
        0.0,
        0.0,
        0.0
      ],
      [
        0.006333990902822182,
        -0.01308982001414835,
        0.006755829111326027
      ],
      [
        0.018979429729625248,
        -0.026100419696181463,
        0.0071209899665561896
      ],
      [
        0.0063188249518794995,
        -0.0087094684093345,
        0.002390643457455086
      ],
      [
        -0.025484497411476723,
        0.03922561956112773,
        -0.013741122149650559
      ],
      [
        0.0042720012297643405,
        -0.0040459224102848525,
        -0.0002260788194794884
      ],
      [
        0.007378662954468927,
        -0.013119428332389289,
        0.005740765377920398
      ],
      [
        0.0,
        0.0,
        0.0
      ],
      [
        0.012619545617029755,
        -0.0190848741875041,
        0.006465328570474213
      ],
      [
        -0.004372232629573802,
        0.009306598580505776,
        -0.004934365950932127
      ],
      [
        0.02416507396829207,
        -0.03474903961566789,
        0.010583965647375817
      ],
      [
        -0.002526229691112905,
        0.0038113185593585948,
        -0.0012850888682456258
      ],
      [
        0.010936722628571054,
        -0.013947795912347733,
        0.003011073283776789
      ],
      [
        -0.009450890408914637,
        0.011366086647995785,
        -0.0019151962390812577
      ],
      [
        0.0,
        0.0,
        0.0
      ],
      [
        -0.0009397123751891904,
        0.0006201572620938049,
        0.000319555113095393
      ],
      [
        1.0886549433734482e-07,
        3.835283280087831e-08,
        -1.472183271430042e-07
      ],
      [
        -0.02416507396829552,
        0.0347490396156726,
        -0.010583965647377297
      ],
      [
        0.012481248842522667,
        -0.019909463666026497,
        0.007428214823503947
      ],
      [
        -0.0033268426975066293,
        0.0077081832873626115,
        -0.004381340589856048
      ],
      [
        0.005980060713493722,
        -0.013922846341580395,
        0.007942785628086722
      ],
      [
        0.015376165540287317,
        -0.022218773654058586,
        0.006842608113770844
      ],
      [
        -0.07704818295527217,
        0.09731586512302635,
        -0.020267682167753525
      ],
      [
        -0.013292204838573369,
        0.020353448389767503,
        -0.007061243551193921
      ],
      [
        0.008790770678962124,
        -0.012558950525024778,
        0.003768179846062795
      ],
      [
        0.007033491881711622,
        -0.014149372284465176,
        0.0071158804027536045
      ],
      [
        0.004055366157432388,
        -0.006384635646856005,
        0.002329269489423604
      ],
      [
        0.003166338769941558,
        -0.005783691197044801,
        0.0026173524271031943
      ],
      [
        0.0,
        0.0,
        0.0
      ],
      [
        -0.0844999630487765,
        0.1023921854860912,
        -0.017892222437311672
      ],
      [
        0.01189825228233042,
        -0.017994185202677888,
        0.0060959329203474225
      ],
      [
        0.016114401547694494,
        -0.022160645458734116,
        0.006046243911040005
      ],
      [
        0.01165911025592766,
        -0.021011928607967186,
        0.009352818352039417
      ]
    ]
  },
  "feature_mean": [
    1.0,
    0.8511973684210526,
    0.14973684210526317,
    0.21402631578947368,
    0.028980263157894738,
    0.019322368421052633,
    0.04581546052631349,
    0.049436266447340574,
    1.0,
    0.02848478618421724,
    0.2094646381578909,
    0.019303179824561097,
    0.13127001096490643,
    0.4763157894736842,
    0.28498026315789476,
    0.0,
    0.31619435793843953,
    0.022346784301494112,
    0.15437500000000695,
    0.737671052631579,
    0.02793421052631579,
    0.0010460526315789474,
    0.0,
    0.21402631578947368,
    0.019322368421052633,
    0.8456250000000999,
    0.15099806328819582,
    0.011393909792602908,
    0.001332045527228904,
    0.05444861339541663,
    0.03303134968965845,
    0.009247805912371496,
    0.22400598320415885,
    0.015438870614036699,
    0.04955153508771905,
    0.07184645755556439,
    0.0,
    0.1389233552631469,
    0.29265564659788706,
    0.19151096491227923,
    0.0063564396016084
  ],
  "feature_names": [
    "bias",
    "buildable",
    "coastal",
    "initial_forest",
    "initial_settlement_like",
    "initial_mountain",
    "dist_to_settlement",
    "dist_to_coast",
    "dist_to_ruin",
    "settlement_density",
    "forest_density",
    "mountain_density",
    "coastal_density",
    "frontier",
    "conflict",
    "reclaimable",
    "settlement_intensity",
    "port_intensity",
    "border_distance",
    "initial_class_empty",
    "initial_class_settlement",
    "initial_class_port",
    "initial_class_ruin",
    "initial_class_forest",
    "initial_class_mountain",
    "border_support",
    "settlement_intensity_sq",
    "port_intensity_sq",
    "settlement_density_sq",
    "forest_density_sq",
    "coastal_x_settlement_intensity",
    "coastal_x_port_intensity",
    "frontier_x_settlement_intensity",
    "conflict_x_settlement_density",
    "initial_forest_x_forest_density",
    "initial_forest_x_settlement_intensity",
    "reclaimable_x_settlement_intensity",
    "coastal_x_border_support",
    "buildable_x_settlement_intensity",
    "buildable_x_forest_density",
    "settlement_x_forest_density"
  ],